rsid,chromosome,position,genotype
rs149963466,1,8173210,AG
rs11591147,1,55039974,AA
rs560887,2,168906638,CT
rs73139123,2,630075,CC
rs9873618,3,171015287,GA
rs8192675,3,171007094,GG
rs6449213,4,9992591,TC
rs35362908,4,17992675,TT
rs12916,5,75360714,CT
rs6873472,5,75472522,CC
rs74617384,6,160576086,AG
rs7766641,6,26183874,AA
rs184469050,7,113627804,GT
rs917793,7,44206254,GG
rs15285,8,19967156,AC
rs9644568,8,20071071,AA
rs4877963,9,86179117,TG
rs4378039,9,86180063,GG
rs144225905,10,128884608,CT
rs533883198,10,3286126,CC
rs192489212,11,117349713,AG
rs530885291,11,117183243,AA
rs76895963,12,4275678,TC
rs770307181,12,58354663,TT
rs7981781,13,27925825,GA
rs75061684,13,45767366,GG
rs114529226,14,106368436,CT
rs187209742,14,94296173,CC
rs261290,15,58386521,AG
rs187680191,15,76002970,AA
rs183208454,16,67542133,TC
rs548291389,16,67970889,TT
rs72836561,17,43848758,AG
rs111527967,17,19008954,AA
rs149615216,18,49579658,CT
rs192446476,18,49362269,CC
rs7412,19,44908822,TC
rs116843064,19,8364439,TT
rs141216986,X,128594571,AG
rs16980679,X,17802225,AA
rs10855058,X,55910389,CT
rs2853515,MT,1438,AG
rs2853499,MT,750,AA
